id,first_name,last_name,email,gender,points
1,Fredrick,Matuszkiewicz,fmatuszkiewicz0@springer.com,Male,1493
2,Claybourne,Fortescue,cfortescue1@dot.gov,Male,6299
3,Valenka,O'Sheilds,vosheilds2@w3.org,Female,8948
4,Blondy,Costerd,bcosterd3@vkontakte.ru,Female,9172
5,Devland,Minci,dminci4@qq.com,Male,9656
6,Ailis,Kelcher,akelcher5@friendfeed.com,Female,8459
7,Leland,Howard - Gater,lhowardgater6@rediff.com,Female,9440
8,Leonerd,Lilly,llilly7@salon.com,Male,6359
9,Atlante,Tzuker,atzuker8@unc.edu,Female,6160
10,Florence,Ivell,fivell9@goo.ne.jp,Female,8160
11,Jonas,Wynne,jwynnea@fema.gov,Male,9251
12,Norbert,Castagno,ncastagnob@globo.com,Male,4266
13,Welch,Bracknall,wbracknallc@unesco.org,Male,5155
14,Ofelia,Ternent,oternentd@cornell.edu,Female,5402
15,Karina,Walden,kwaldene@ucoz.ru,Female,9435
16,Stillman,Feltham,sfelthamf@ebay.co.uk,Male,1622
17,Noami,Pirnie,npirnieg@marriott.com,Female,6983
18,Beverlie,Gawthorpe,bgawthorpeh@liveinternet.ru,Female,1574
19,Nicolette,McVicker,nmcvickeri@booking.com,Female,3415
20,Toddy,Densie,tdensiej@cbc.ca,Male,8502
21,Guinna,Snelle,gsnellek@ted.com,Female,9736
22,Eldredge,Whiscard,ewhiscardl@cnn.com,Male,9260
23,Gerry,Vine,gvinem@boston.com,Male,7381
24,Amaleta,Matveiko,amatveikon@unblog.fr,Female,4846
25,Westley,Brugmann,wbrugmanno@feedburner.com,Male,9863
26,Jackquelin,Cristea,jcristeap@wsj.com,Female,5575
27,Kilian,Westerman,kwestermanq@baidu.com,Male,8942
28,Art,Heritege,aheriteger@tinyurl.com,Male,4866
29,Cathryn,Geator,cgeators@ycombinator.com,Female,3463
30,Katharina,Malafe,kmalafet@independent.co.uk,Female,3480
31,Korella,Spinney,kspinneyu@examiner.com,Female,5865
32,Lida,Sabie,lsabiev@liveinternet.ru,Female,2588
33,Emmy,Harwood,eharwoodw@bloglovin.com,Male,5956
34,Salomi,Dalgliesh,sdalglieshx@huffingtonpost.com,Female,6050
35,Ella,Checklin,echeckliny@wufoo.com,Female,2666
36,Lu,Ohms,lohmsz@people.com.cn,Female,2601
37,Basil,Gotmann,bgotmann10@spotify.com,Male,1554
38,Fred,Sedgeworth,fsedgeworth11@angelfire.com,Female,1088
39,Leela,Balma,lbalma12@sun.com,Female,1463
40,Gunther,Dartan,gdartan13@360.cn,Male,6574
41,Kandy,Kleisel,kkleisel14@myspace.com,Female,9156
42,Marja,Budget,mbudget15@studiopress.com,Female,7754
43,Rosy,Laydel,rlaydel16@wunderground.com,Female,8557
44,Chan,Padefield,cpadefield17@earthlink.net,Male,8937
45,Minette,Farndell,mfarndell18@people.com.cn,Female,5465
46,Nata,Houchin,nhouchin19@huffingtonpost.com,Female,3169
47,Roberto,Nel,rnel1a@cnn.com,Male,3907
48,Wat,Gumery,wgumery1b@mashable.com,Male,4035
49,Mirabelle,Robshaw,mrobshaw1c@si.edu,Female,917
50,Cornall,McDermott,cmcdermott1d@discuz.net,Male,4191
51,Wernher,Downgate,wdowngate1e@abc.net.au,Male,9606
52,Kelcey,Manifold,kmanifold1f@about.me,Female,9506
53,Prentice,Mishow,pmishow1g@instagram.com,Male,4543
54,Graham,Chrisp,gchrisp1h@answers.com,Male,8643
55,Emmalee,Radborne,eradborne1i@fastcompany.com,Female,9534
56,Irita,Peret,iperet1j@vk.com,Female,4353
57,Rosalia,McElrath,rmcelrath1k@plala.or.jp,Female,9477
58,Giorgio,Desbrow,gdesbrow1l@epa.gov,Male,2469
59,Aurthur,Grady,agrady1m@delicious.com,Male,8680
60,Mendy,Morrel,mmorrel1n@japanpost.jp,Male,198
61,Jobi,Iacomini,jiacomini1o@facebook.com,Female,6049
62,Devin,Pegrum,dpegrum1p@cbsnews.com,Female,9177
63,Abramo,Greder,agreder1q@delicious.com,Male,9756
64,Bronson,Cushion,bcushion1r@quantcast.com,Male,4225
65,Dulciana,Johanchon,djohanchon1s@youku.com,Female,1632
66,Georgie,Garbott,ggarbott1t@instagram.com,Male,8267
67,Jacquetta,Farrance,jfarrance1u@diigo.com,Female,1557
68,Colman,Barnewelle,cbarnewelle1v@wufoo.com,Male,9238
69,Kellsie,Brion,kbrion1w@mtv.com,Female,1576
70,Jarret,Rodell,jrodell1x@youtu.be,Male,8025
71,Kevon,Domegan,kdomegan1y@cnet.com,Male,6335
72,Theadora,Reicherz,treicherz1z@sina.com.cn,Female,8665
73,Lorens,Huller,lhuller20@rambler.ru,Male,3104
74,Hedvige,Rappaport,hrappaport21@blog.com,Female,2189
75,Marjie,Brayne,mbrayne22@cyberchimps.com,Female,1175
76,Stormi,Brandle,sbrandle23@php.net,Female,1728
77,Tasha,Eberst,teberst24@sogou.com,Female,3505
78,Meir,Josupeit,mjosupeit25@cbsnews.com,Male,2231
79,Veronika,Gambell,vgambell26@addthis.com,Female,1240
80,Ky,Bartot,kbartot27@w3.org,Male,317
81,Larina,Muffitt,lmuffitt28@zimbio.com,Female,9617
82,Tristam,Duiged,tduiged29@google.ca,Male,8825
83,Gideon,Petriello,gpetriello2a@yahoo.co.jp,Male,6289
84,Odell,Wilks,owilks2b@marketwatch.com,Male,2062
85,Hyacinthia,Dyott,hdyott2c@sciencedaily.com,Female,5267
86,Cyndia,Barlow,cbarlow2d@photobucket.com,Female,400
87,Florri,Burkett,fburkett2e@simplemachines.org,Female,1728
88,Carter,Willoway,cwilloway2f@usatoday.com,Male,3988
89,Halimeda,Gostage,hgostage2g@yelp.com,Female,3812
90,Rubie,Oiseau,roiseau2h@dot.gov,Female,9898
91,Floris,Jagoe,fjagoe2i@wikimedia.org,Female,4795
92,Merline,Ilieve,milieve2j@typepad.com,Female,5621
93,Merwyn,de Amaya,mdeamaya2k@github.io,Male,2301
94,Melany,Alabaster,malabaster2l@si.edu,Female,3386
95,Anabella,Sinkinson,asinkinson2m@wikipedia.org,Female,9678
96,Kaela,Mewton,kmewton2n@shinystat.com,Female,5873
97,Tammie,Rigney,trigney2o@geocities.jp,Male,1740
98,Sashenka,Cato,scato2p@dailymail.co.uk,Female,8074
99,Blaire,Lichfield,blichfield2q@cam.ac.uk,Female,2414
100,Inness,Gilbertson,igilbertson2r@guardian.co.uk,Male,2949
101,Rozelle,Pfeffer,rpfeffer2s@marketwatch.com,Female,8586
102,Dottie,Cantor,dcantor2t@fc2.com,Female,9607
103,Scott,Braghini,sbraghini2u@hp.com,Male,4711
104,Evangelina,Guy,eguy2v@hubpages.com,Female,2471
105,Franklin,Rosenboim,frosenboim2w@addtoany.com,Male,4209
106,Tomasina,Camacho,tcamacho2x@rediff.com,Female,7634
107,Lydie,Webster,lwebster2y@paypal.com,Female,3524
108,Bobbe,Feast,bfeast2z@comsenz.com,Female,4759
109,Giles,Liccardi,gliccardi30@jimdo.com,Male,5681
110,Kimmi,Tinkler,ktinkler31@mit.edu,Female,9183
111,Fonz,Betser,fbetser32@shop-pro.jp,Male,3733
112,Ezmeralda,Kampshell,ekampshell33@woothemes.com,Female,4446
113,Giovanni,Wiltshear,gwiltshear34@prweb.com,Male,3549
114,Lilith,Spaven,lspaven35@instagram.com,Female,3316
115,Gothart,Udale,gudale36@geocities.com,Male,336
116,Lynett,Cayle,lcayle37@virginia.edu,Female,5366
117,Kattie,Lidell,klidell38@mapy.cz,Female,3219
118,Kathi,Avrahamoff,kavrahamoff39@livejournal.com,Female,4547
119,Richart,Martschke,rmartschke3a@utexas.edu,Male,8706
120,Valentina,Hollow,vhollow3b@vk.com,Female,9486
121,Richard,Filipychev,rfilipychev3c@bigcartel.com,Male,4688
122,Francisco,Leopold,fleopold3d@intel.com,Male,7580
123,Berton,Scotter,bscotter3e@bravesites.com,Male,2695
124,Quinn,Tatlowe,qtatlowe3f@nymag.com,Male,1356
125,Cazzie,Cocke,ccocke3g@merriam-webster.com,Male,7643
126,Hashim,Solon,hsolon3h@kickstarter.com,Male,6323
127,Dannie,Bampkin,dbampkin3i@domainmarket.com,Female,1854
128,Erhart,O'Siaghail,eosiaghail3j@tripadvisor.com,Male,2869
129,Renaldo,Crudgington,rcrudgington3k@theatlantic.com,Male,5163
130,Kevyn,Mennithorp,kmennithorp3l@prweb.com,Female,1797
131,Rodge,Puvia,rpuvia3m@patch.com,Male,4886
132,Lay,Christie,lchristie3n@pbs.org,Male,5391
133,Derrick,Martino,dmartino3o@boston.com,Male,9539
134,Brod,Rosenstengel,brosenstengel3p@bigcartel.com,Male,1812
135,Rad,Berge,rberge3q@pen.io,Male,9992
136,Ambur,Steffans,asteffans3r@springer.com,Female,1721
137,Kass,Manns,kmanns3s@oakley.com,Female,7923
138,Akim,O'Feeny,aofeeny3t@sitemeter.com,Male,3176
139,Gamaliel,Robillard,grobillard3u@bizjournals.com,Male,7562
140,Garv,Byk,gbyk3v@networkadvertising.org,Male,3965
141,Lissa,Le Page,llepage3w@is.gd,Female,1435
142,Min,Savidge,msavidge3x@reference.com,Female,4689
143,Staford,De Minico,sdeminico3y@irs.gov,Male,2674
144,Randene,Screeton,rscreeton3z@youtu.be,Female,5996
145,Missy,Crudginton,mcrudginton40@china.com.cn,Female,8543
146,Adoree,Talby,atalby41@japanpost.jp,Female,3222
147,Jard,Chichgar,jchichgar42@reverbnation.com,Male,1165
148,Ivor,Lambregts,ilambregts43@cocolog-nifty.com,Male,6718
149,Candy,Dring,cdring44@instagram.com,Female,4939
150,Hobey,Colthurst,hcolthurst45@google.ca,Male,8842
151,Nil,Twatt,ntwatt46@nhs.uk,Male,4556
152,Mareah,Robertelli,mrobertelli47@netscape.com,Female,4150
153,Mikey,Klimushev,mklimushev48@goo.gl,Male,326
154,Jervis,Taft,jtaft49@theguardian.com,Male,3728
155,Sasha,Folkerts,sfolkerts4a@theatlantic.com,Male,8209
156,Dulcia,Leipelt,dleipelt4b@arizona.edu,Female,6783
157,Sile,Dewbury,sdewbury4c@dyndns.org,Female,5875
158,Valeria,Hayball,vhayball4d@ustream.tv,Female,1993
159,Tildy,Treweek,ttreweek4e@slashdot.org,Female,1162
160,Rivy,Marieton,rmarieton4f@rakuten.co.jp,Female,9281
161,Erma,Skip,eskip4g@ycombinator.com,Female,1870
162,Lucius,Lenoir,llenoir4h@hc360.com,Male,7347
163,Farra,Paye,fpaye4i@pen.io,Female,4000
164,Ber,Deppen,bdeppen4j@utexas.edu,Male,9011
165,Rudie,Brailsford,rbrailsford4k@nba.com,Male,7464
166,Massimo,Trickett,mtrickett4l@seesaa.net,Male,2692
167,Eli,Warrender,ewarrender4m@mediafire.com,Male,1204
168,Filberte,Jado,fjado4n@smh.com.au,Male,5486
169,Temple,Heffernan,theffernan4o@joomla.org,Male,1002
170,Caprice,Bodill,cbodill4p@wordpress.com,Female,6654
171,Roddie,Rofe,rrofe4q@qq.com,Male,8064
172,Correna,Chuter,cchuter4r@intel.com,Female,6796
173,Mortie,Trounce,mtrounce4s@imdb.com,Male,9680
174,Camila,Stoop,cstoop4t@paginegialle.it,Female,7471
175,Bill,Jewsbury,bjewsbury4u@amazon.com,Female,1691
176,Gertruda,Beedell,gbeedell4v@ted.com,Female,9083
177,Kassia,Laskey,klaskey4w@google.com.hk,Female,6615
178,Farra,Beeden,fbeeden4x@fema.gov,Female,2046
179,Oates,Stockin,ostockin4y@mit.edu,Male,128
180,Garv,Hiorn,ghiorn4z@globo.com,Male,140
181,Bertrando,Grosvenor,bgrosvenor50@people.com.cn,Male,4482
182,Truman,Heymann,theymann51@tinyurl.com,Male,625
183,Travis,Jessup,tjessup52@fema.gov,Male,3260
184,Fayina,Havercroft,fhavercroft53@nifty.com,Female,3747
185,Hernando,Stripp,hstripp54@census.gov,Male,6470
186,Marin,Zavattari,mzavattari55@theglobeandmail.com,Female,4248
187,Elyn,Corbie,ecorbie56@google.es,Female,6154
188,Irvine,Tabrett,itabrett57@a8.net,Male,9555
189,Everett,Sanger,esanger58@angelfire.com,Male,1008
190,Thorndike,Spinke,tspinke59@omniture.com,Male,2845
191,Mary,Mitchenson,mmitchenson5a@statcounter.com,Female,5830
192,Christoph,Malpass,cmalpass5b@marriott.com,Male,5429
193,Agnese,Ollin,aollin5c@oaic.gov.au,Female,5508
194,Augustin,Barrim,abarrim5d@spiegel.de,Male,5611
195,Lola,Itscowicz,litscowicz5e@ezinearticles.com,Female,8027
196,Gunter,O'Hegertie,gohegertie5f@java.com,Male,3818
197,Tallie,Etches,tetches5g@wired.com,Male,3884
198,Marya,Gateland,mgateland5h@ifeng.com,Female,1462
199,Isadora,Olyunin,iolyunin5i@miitbeian.gov.cn,Female,6424
200,Eydie,Nigh,enigh5j@devhub.com,Female,9273
201,Eugene,Plaide,eplaide5k@pinterest.com,Male,5932
202,Catharina,Gallahar,cgallahar5l@mozilla.org,Female,2171
203,Jennette,Judkin,jjudkin5m@4shared.com,Female,3447
204,Jehanna,Pietrowski,jpietrowski5n@harvard.edu,Female,6885
205,Jo ann,Titman,jtitman5o@macromedia.com,Female,1405
206,Conrado,Telfer,ctelfer5p@typepad.com,Male,6426
207,Kalila,Jepson,kjepson5q@ca.gov,Female,6933
208,Renie,Carefull,rcarefull5r@ucoz.com,Female,496
209,Corny,Putten,cputten5s@wordpress.com,Female,7665
210,Enrica,Rawstron,erawstron5t@naver.com,Female,1278
211,Yoshi,Collins,ycollins5u@w3.org,Female,7532
212,Korry,Aronson,karonson5v@xinhuanet.com,Female,5223
213,Nikolos,McPike,nmcpike5w@google.nl,Male,897
214,Finley,Jayume,fjayume5x@hao123.com,Male,6056
215,Kylie,Caress,kcaress5y@berkeley.edu,Female,1864
216,Tally,Martinets,tmartinets5z@google.co.jp,Male,7570
217,Karola,Timny,ktimny60@redcross.org,Female,6584
218,Fraser,Dahle,fdahle61@usda.gov,Male,7063
219,Rodolphe,Tytler,rtytler62@tmall.com,Male,7463
220,Nolana,Le Conte,nleconte63@shop-pro.jp,Female,187
221,Sibeal,Josef,sjosef64@webeden.co.uk,Female,1487
222,Archaimbaud,Piesold,apiesold65@netvibes.com,Male,1342
223,Kari,D'Alwis,kdalwis66@hatena.ne.jp,Female,8844
224,Danielle,Swinbourne,dswinbourne67@cloudflare.com,Female,9261
225,Timofei,Hounihan,thounihan68@xing.com,Male,2417
226,Miltie,Myerscough,mmyerscough69@google.it,Male,890
227,Barth,Penley,bpenley6a@hatena.ne.jp,Male,4093
228,Byrom,Paddemore,bpaddemore6b@barnesandnoble.com,Male,2867
229,Celinka,Carous,ccarous6c@sciencedaily.com,Female,8032
230,Thurston,Zini,tzini6d@marketwatch.com,Male,3000
231,Shandeigh,Bather,sbather6e@mapquest.com,Female,9029
232,Parsifal,Lympenie,plympenie6f@buzzfeed.com,Male,7352
233,Yolanthe,Catlin,ycatlin6g@unblog.fr,Female,2734
234,Marsh,Kalvin,mkalvin6h@irs.gov,Male,7876
235,Caro,Francey,cfrancey6i@vk.com,Female,9635
236,Kean,Mordy,kmordy6j@admin.ch,Male,1580
237,Reilly,Deroche,rderoche6k@photobucket.com,Male,4066
238,Ashby,Mulberry,amulberry6l@earthlink.net,Male,4953
239,Barnaby,Edmondson,bedmondson6m@jimdo.com,Male,6996
240,Derwin,Furney,dfurney6n@surveymonkey.com,Male,1598
241,Lilllie,Hischke,lhischke6o@edublogs.org,Female,5663
242,Lazarus,Francesconi,lfrancesconi6p@buzzfeed.com,Male,3863
243,Neel,Dyett,ndyett6q@simplemachines.org,Male,4684
244,Tore,Copley,tcopley6r@gmpg.org,Male,4669
245,Agnese,Linkin,alinkin6s@deliciousdays.com,Female,5215
246,Annecorinne,Mallall,amallall6t@cbsnews.com,Female,778
247,Susanna,Lidgertwood,slidgertwood6u@github.io,Female,2896
248,Zorah,Weafer,zweafer6v@jimdo.com,Female,7805
249,Wendel,Earley,wearley6w@admin.ch,Male,7419
250,Ann-marie,Parminter,aparminter6x@canalblog.com,Female,6081
251,Corbie,Dowyer,cdowyer6y@google.co.uk,Male,9587
252,Scarface,Olpin,solpin6z@cnbc.com,Male,7406
253,Dorey,Macvey,dmacvey70@ovh.net,Female,5431
254,Elijah,Coaten,ecoaten71@theglobeandmail.com,Male,124
255,Meggy,Gamage,mgamage72@google.it,Female,2735
256,Sansone,Strangeways,sstrangeways73@paginegialle.it,Male,384
257,Clayborne,Mathis,cmathis74@europa.eu,Male,3484
258,Juliana,Pingston,jpingston75@wp.com,Female,1424
259,Kim,Castelletti,kcastelletti76@cmu.edu,Female,5697
260,Reinaldo,Derill,rderill77@w3.org,Male,6682
261,Tonnie,De Matteis,tdematteis78@washington.edu,Male,3938
262,Ware,Blanko,wblanko79@kickstarter.com,Male,9601
263,Tripp,Tomaszewicz,ttomaszewicz7a@list-manage.com,Male,5629
264,Raychel,McGonnell,rmcgonnell7b@mozilla.org,Female,3806
265,Lewes,Diss,ldiss7c@studiopress.com,Male,8585
266,Valene,Kighly,vkighly7d@barnesandnoble.com,Female,2176
267,Toma,Handley,thandley7e@dagondesign.com,Female,764
268,Adolphe,Cross,across7f@desdev.cn,Male,5977
269,Perrine,Fairbridge,pfairbridge7g@webmd.com,Female,3617
270,Joshua,Stanfield,jstanfield7h@craigslist.org,Male,371
271,Lucia,Richten,lrichten7i@quantcast.com,Female,2257
272,Ricard,McGeever,rmcgeever7j@smh.com.au,Male,1407
273,Christiana,Schubbert,cschubbert7k@state.tx.us,Female,581
274,Loni,Orsay,lorsay7l@eepurl.com,Female,3774
275,Hollyanne,Wilacot,hwilacot7m@usa.gov,Female,6964
276,Kurt,Durnell,kdurnell7n@europa.eu,Male,276
277,Kennett,Erat,kerat7o@bbb.org,Male,5582
278,Packston,Rojel,projel7p@pbs.org,Male,9820
279,Nathan,Olohan,nolohan7q@tuttocitta.it,Male,3710
280,Olive,Body,obody7r@spotify.com,Female,7552
281,Ivar,Bastow,ibastow7s@sciencedirect.com,Male,3340
282,Abigail,Bresnahan,abresnahan7t@shareasale.com,Female,4920
283,Gallagher,Shea,gshea7u@sohu.com,Male,2162
284,Carr,Braznell,cbraznell7v@guardian.co.uk,Male,7967
285,Modesty,Casella,mcasella7w@lulu.com,Female,6043
286,Loutitia,Guilloud,lguilloud7x@japanpost.jp,Female,8558
287,Dav,Cleal,dcleal7y@mit.edu,Male,6661
288,Hall,Allpress,hallpress7z@google.co.jp,Male,6012
289,Emmey,Oldford,eoldford80@imageshack.us,Female,5879
290,Tobe,Aleksankin,taleksankin81@blinklist.com,Female,1244
291,Carny,Dregan,cdregan82@shop-pro.jp,Male,2473
292,Josselyn,Purchase,jpurchase83@wunderground.com,Female,800
293,Albert,Chaves,achaves84@surveymonkey.com,Male,3750
294,Corene,Beane,cbeane85@sohu.com,Female,226
295,Jonathan,Matkin,jmatkin86@salon.com,Male,1220
296,Irvine,Bigadike,ibigadike87@cisco.com,Male,6461
297,Moe,Santora,msantora88@creativecommons.org,Male,9502
298,Marris,Novik,mnovik89@bravesites.com,Female,6482
299,Rollie,Delmage,rdelmage8a@liveinternet.ru,Male,7427
300,Shanna,Eyckelbeck,seyckelbeck8b@msu.edu,Female,682
301,Nikoletta,Cruikshank,ncruikshank8c@microsoft.com,Female,2517
302,Fanny,Ablott,fablott8d@godaddy.com,Female,1184
303,Fawnia,Jandera,fjandera8e@cafepress.com,Female,4861
304,Anette,Brahmer,abrahmer8f@ovh.net,Female,3788
305,Gonzales,Mc Combe,gmccombe8g@upenn.edu,Male,3699
306,Malanie,Cantu,mcantu8h@spotify.com,Female,1304
307,Heindrick,Girodier,hgirodier8i@sciencedaily.com,Male,8167
308,Siana,Cormode,scormode8j@salon.com,Female,3323
309,Willow,Enefer,wenefer8k@163.com,Female,9094
310,Aluino,Tubble,atubble8l@ning.com,Male,9729
311,Milty,Walker,mwalker8m@dot.gov,Male,1724
312,Cazzie,Korneichuk,ckorneichuk8n@blog.com,Male,1103
313,Herman,Burk,hburk8o@google.de,Male,9359
314,Cara,Heatherington,cheatherington8p@netlog.com,Female,639
315,Cherianne,Castard,ccastard8q@columbia.edu,Female,1632
316,Carline,Hows,chows8r@uol.com.br,Female,2798
317,Dita,Gisbey,dgisbey8s@com.com,Female,629
318,Irene,Waeland,iwaeland8t@hostgator.com,Female,4807
319,Dewitt,Tatum,dtatum8u@jimdo.com,Male,4155
320,Ambrose,Temby,atemby8v@hao123.com,Male,4037
321,Marcie,Denizet,mdenizet8w@sbwire.com,Female,312
322,Alasdair,Dempster,adempster8x@webnode.com,Male,2097
323,Rebekkah,Chowne,rchowne8y@diigo.com,Female,4177
324,Bevan,Guilloud,bguilloud8z@buzzfeed.com,Male,1443
325,Carma,Mowsdell,cmowsdell90@thetimes.co.uk,Female,3196
326,Alex,Trythall,atrythall91@goo.ne.jp,Male,8156
327,Lombard,Rysom,lrysom92@cnet.com,Male,3670
328,Jonis,Rickets,jrickets93@themeforest.net,Female,820
329,Shaina,Apdell,sapdell94@nsw.gov.au,Female,205
330,Junie,Donaldson,jdonaldson95@godaddy.com,Female,9370
331,Vanny,Lemm,vlemm96@google.com.br,Female,7404
332,Huey,Harms,hharms97@pbs.org,Male,6572
333,Luci,Trundler,ltrundler98@geocities.com,Female,9208
334,Edi,Milburn,emilburn99@prlog.org,Female,8462
335,Monah,Potkin,mpotkin9a@google.fr,Female,4081
336,Caz,Baudain,cbaudain9b@accuweather.com,Male,7696
337,Otha,Matzen,omatzen9c@berkeley.edu,Female,1733
338,Kacey,Houson,khouson9d@timesonline.co.uk,Female,8119
339,Susana,Hopkyns,shopkyns9e@cocolog-nifty.com,Female,5569
340,Franklin,Championnet,fchampionnet9f@wired.com,Male,2891
341,Anica,Fishlock,afishlock9g@washingtonpost.com,Female,3151
342,Peterus,Obal,pobal9h@abc.net.au,Male,6742
343,Kala,Roxburch,kroxburch9i@upenn.edu,Female,3847
344,Jacobo,Campana,jcampana9j@1688.com,Male,4399
345,Ynes,Pizey,ypizey9k@berkeley.edu,Female,7041
346,Shamus,Swanston,sswanston9l@bandcamp.com,Male,900
347,Paloma,Toovey,ptoovey9m@ovh.net,Female,9047
348,Meggy,Makiver,mmakiver9n@typepad.com,Female,5891
349,Stafani,McCreedy,smccreedy9o@ezinearticles.com,Female,2664
350,Willabella,Damrell,wdamrell9p@nasa.gov,Female,661
351,Gretta,Hawkings,ghawkings9q@cocolog-nifty.com,Female,4483
352,Phip,Rew,prew9r@discovery.com,Male,2496
353,Conny,Ambroise,cambroise9s@indiegogo.com,Female,5171
354,Bernadette,Thorington,bthorington9t@yahoo.co.jp,Female,5118
355,Forest,Castelow,fcastelow9u@dyndns.org,Male,4654
356,Robers,Ranyard,rranyard9v@privacy.gov.au,Male,6262
357,Delcine,Scamerdine,dscamerdine9w@reverbnation.com,Female,1137
358,Irv,Prescot,iprescot9x@ovh.net,Male,6768
359,Elissa,Falla,efalla9y@qq.com,Female,7564
360,Annelise,Benedidick,abenedidick9z@netscape.com,Female,9419
361,Patience,Vanichkin,pvanichkina0@ucsd.edu,Female,5058
362,Claiborne,Godthaab,cgodthaaba1@yellowpages.com,Male,1267
363,Jacob,Rowlstone,jrowlstonea2@flickr.com,Male,2813
364,Brooke,Andri,bandria3@ebay.co.uk,Female,6331
365,Kendell,Witton,kwittona4@time.com,Male,3039
366,Gwyneth,Pulhoster,gpulhostera5@lulu.com,Female,9495
367,Lonee,Joan,ljoana6@typepad.com,Female,9911
368,Bobbi,Knell,bknella7@walmart.com,Female,6400
369,Ariella,Zima,azimaa8@cam.ac.uk,Female,4600
370,Letisha,Arthars,lartharsa9@elegantthemes.com,Female,137
371,Stormy,Deverose,sdeveroseaa@bloglovin.com,Female,9662
372,Noble,Gallard,ngallardab@cbsnews.com,Male,221
373,Ritchie,Cork,rcorkac@washingtonpost.com,Male,3654
374,Iggie,Grundey,igrundeyad@fotki.com,Male,9081
375,Tybalt,Oakey,toakeyae@netlog.com,Male,1317
376,Ingemar,Lathee,ilatheeaf@home.pl,Male,4732
377,Duff,Melin,dmelinag@quantcast.com,Male,8742
378,Dillon,Haws,dhawsah@discuz.net,Male,7393
379,Terri,Iacomi,tiacomiai@alexa.com,Male,7525
380,Elliott,De Brett,edebrettaj@about.me,Male,4664
381,Buddy,Bacup,bbacupak@yahoo.co.jp,Male,1822
382,Godard,Le Breton,glebretonal@jimdo.com,Male,1158
383,Hilario,Donnel,hdonnelam@amazon.de,Male,6677
384,Ashlee,Doodney,adoodneyan@ycombinator.com,Female,3915
385,Berti,Coope,bcoopeao@java.com,Female,1841
386,Elyssa,Schachter,eschachterap@shareasale.com,Female,6295
387,Ceciley,Flegg,cfleggaq@canalblog.com,Female,5695
388,Lionel,Ohrt,lohrtar@instagram.com,Male,8417
389,Iseabal,Scarlett,iscarlettas@tinyurl.com,Female,8455
390,Alfy,Goodban,agoodbanat@comsenz.com,Female,4511
391,Kaylyn,Pitblado,kpitbladoau@google.de,Female,9926
392,Arturo,Deary,adearyav@theatlantic.com,Male,6455
393,Karoly,Brockbank,kbrockbankaw@netvibes.com,Male,6236
394,Vernor,Pedgrift,vpedgriftax@etsy.com,Male,1725
395,Patricia,Gadie,pgadieay@dion.ne.jp,Female,4946
396,Torr,Belhome,tbelhomeaz@hhs.gov,Male,1193
397,Abran,Marnane,amarnaneb0@huffingtonpost.com,Male,8650
398,Trever,Rimbault,trimbaultb1@bandcamp.com,Male,8692
399,Lindy,Ridger,lridgerb2@pinterest.com,Male,551
400,Benedicto,Spenton,bspentonb3@twitter.com,Male,7160
401,Lynn,Rawood,lrawoodb4@java.com,Male,1042
402,Julita,Arnholtz,jarnholtzb5@ucoz.com,Female,6040
403,Emory,O'Doherty,eodohertyb6@mail.ru,Male,8290
404,Tony,Nasey,tnaseyb7@rediff.com,Male,8882
405,Payton,Noden,pnodenb8@nature.com,Male,452
406,Kira,Zanelli,kzanellib9@wikipedia.org,Female,4224
407,Phylys,Stanyard,pstanyardba@who.int,Female,3096
408,Juana,Nickoll,jnickollbb@pinterest.com,Female,8126
409,Arty,Arnoldi,aarnoldibc@engadget.com,Male,688
410,Andres,Seeley,aseeleybd@msu.edu,Male,1598
411,Eda,Rozec,erozecbe@homestead.com,Female,5390
412,Farrand,Drewes,fdrewesbf@microsoft.com,Female,3061
413,Maximo,Haskayne,mhaskaynebg@blogger.com,Male,4249
414,Flint,Lacky,flackybh@adobe.com,Male,2413
415,Zorine,Maryon,zmaryonbi@smugmug.com,Female,7980
416,Silvanus,Clarke-Williams,sclarkewilliamsbj@addtoany.com,Male,6363
417,Ethe,Benoiton,ebenoitonbk@unicef.org,Male,8683
418,Tommi,Barradell,tbarradellbl@independent.co.uk,Female,7535
419,Carmencita,Dominici,cdominicibm@xrea.com,Female,3131
420,Monroe,Boggas,mboggasbn@smh.com.au,Male,9157
421,Karia,Arrol,karrolbo@constantcontact.com,Female,3052
422,Bartlett,Syalvester,bsyalvesterbp@miitbeian.gov.cn,Male,9106
423,Mead,Giacomozzo,mgiacomozzobq@apple.com,Female,5173
424,Cathleen,Stronack,cstronackbr@prweb.com,Female,4382
425,Malissia,Gerding,mgerdingbs@imdb.com,Female,7161
426,Julie,Pritty,jprittybt@toplist.cz,Female,3543
427,Donal,Gilmartin,dgilmartinbu@bbb.org,Male,5223
428,Sheena,Pumfrett,spumfrettbv@yellowpages.com,Female,1931
429,Lenci,Franzotto,lfranzottobw@macromedia.com,Male,8539
430,Manuel,Pill,mpillbx@webmd.com,Male,1513
431,Klarrisa,Harbron,kharbronby@over-blog.com,Female,7529
432,Maressa,Blackwell,mblackwellbz@php.net,Female,4680
433,Nonnah,Rapi,nrapic0@theatlantic.com,Female,740
434,Milicent,Boldero,mbolderoc1@abc.net.au,Female,6613
435,Caril,Marciek,cmarciekc2@princeton.edu,Female,6559
436,Paddy,Defond,pdefondc3@symantec.com,Male,678
437,Gerti,Weatherdon,gweatherdonc4@yale.edu,Female,6179
438,Othello,Ware,owarec5@psu.edu,Male,2481
439,Gussy,Huyghe,ghuyghec6@issuu.com,Female,4644
440,Cate,Slocum,cslocumc7@jalbum.net,Female,1174
441,Karly,Wagg,kwaggc8@webs.com,Female,6215
442,Madella,Bernhart,mbernhartc9@usa.gov,Female,107
443,Nichole,Tolotti,ntolottica@lycos.com,Male,6637
444,Minerva,Orrah,morrahcb@ebay.co.uk,Female,6599
445,Gelya,Nattriss,gnattrisscc@buzzfeed.com,Female,780
446,Wald,Burchmore,wburchmorecd@nytimes.com,Male,6154
447,Jeannie,Kemston,jkemstonce@diigo.com,Female,7120
448,Hewie,Dechelette,hdechelettecf@facebook.com,Male,7173
449,Korey,Levis,kleviscg@hexun.com,Male,2173
450,Mathian,Rivett,mrivettch@ehow.com,Male,9585
451,Helli,Bollard,hbollardci@wikipedia.org,Female,6160
452,Olga,Croutear,ocroutearcj@howstuffworks.com,Female,740
453,Daphne,Romer,dromerck@earthlink.net,Female,6463
454,Myrna,Doerffer,mdoerffercl@sina.com.cn,Female,5389
455,Tove,Woolliams,twoolliamscm@github.com,Female,1337
456,Drake,Sharvill,dsharvillcn@webs.com,Male,6340
457,Dorise,Shugg,dshuggco@nytimes.com,Female,382
458,Michel,Paffett,mpaffettcp@github.com,Male,3871
459,Yankee,Treace,ytreacecq@vk.com,Male,5068
460,Ashely,Stroulger,astroulgercr@dailymail.co.uk,Female,4633
461,Kally,Brandreth,kbrandrethcs@slate.com,Female,424
462,Vivianne,O' Hern,vohernct@barnesandnoble.com,Female,8779
463,Paxton,Probet,pprobetcu@huffingtonpost.com,Male,1154
464,Kenna,McGregor,kmcgregorcv@yale.edu,Female,340
465,Weylin,Clyburn,wclyburncw@discovery.com,Male,9974
466,Ludvig,Boller,lbollercx@infoseek.co.jp,Male,1521
467,Horten,Kildale,hkildalecy@indiatimes.com,Male,1740
468,Sonia,Scarffe,sscarffecz@howstuffworks.com,Female,3617
469,Lyssa,Tavinor,ltavinord0@freewebs.com,Female,1108
470,Layla,Anglin,langlind1@qq.com,Female,1799
471,Ethelda,Moret,emoretd2@blog.com,Female,9282
472,Holden,Andriss,handrissd3@oaic.gov.au,Male,7422
473,Markos,Dobrowolski,mdobrowolskid4@mayoclinic.com,Male,869
474,Titos,Rachuig,trachuigd5@storify.com,Male,3958
475,Marketa,Piercey,mpierceyd6@t.co,Female,5344
476,Shelagh,Chellingworth,schellingworthd7@goo.ne.jp,Female,480
477,Merrie,Bleaden,mbleadend8@github.io,Female,7757
478,Hallie,Ranklin,hranklind9@pcworld.com,Female,553
479,Carmine,Philot,cphilotda@bloomberg.com,Female,1505
480,Francoise,Cade,fcadedb@opensource.org,Female,7055
481,Darrel,Larkin,dlarkindc@csmonitor.com,Male,1093
482,Lucila,Bertl,lbertldd@epa.gov,Female,3070
483,Arleta,Fildery,afilderyde@wisc.edu,Female,5330
484,Lucilia,Daile,ldailedf@flickr.com,Female,5890
485,Wyndham,Blythin,wblythindg@ehow.com,Male,2720
486,Winslow,Heaphy,wheaphydh@hao123.com,Male,2234
487,Analise,Davisson,adavissondi@noaa.gov,Female,5916
488,Nady,Butterwick,nbutterwickdj@parallels.com,Female,7213
489,Rori,Bromwich,rbromwichdk@mashable.com,Female,7948
490,Broddy,Spilisy,bspilisydl@illinois.edu,Male,6760
491,Virgie,Hannant,vhannantdm@cocolog-nifty.com,Male,6338
492,Roderich,Coxen,rcoxendn@123-reg.co.uk,Male,6082
493,Petronilla,Bordman,pbordmando@gravatar.com,Female,7836
494,Colin,Colbertson,ccolbertsondp@skyrock.com,Male,9190
495,Jim,Peasegod,jpeasegoddq@webs.com,Male,6841
496,Valentin,Saturley,vsaturleydr@furl.net,Male,645
497,Winfred,Eplate,weplateds@berkeley.edu,Male,4990
498,Bobby,Romke,bromkedt@blogs.com,Male,859
499,Ibbie,Sisnett,isisnettdu@studiopress.com,Female,4795
500,Gisella,Vellacott,gvellacottdv@wikia.com,Female,5229
501,Ethyl,Sirett,esirettdw@oakley.com,Female,611
502,Karena,Braine,kbrainedx@latimes.com,Female,4464
503,Tedda,Baitson,tbaitsondy@nasa.gov,Female,9289
504,Celestyna,Gergely,cgergelydz@about.com,Female,824
505,Filberte,de Nore,fdenoree0@dmoz.org,Male,3597
506,Whitby,Itzhayek,witzhayeke1@gravatar.com,Male,422
507,Hashim,Viste,hvistee2@issuu.com,Male,1973
508,Kitti,Dullaghan,kdullaghane3@artisteer.com,Female,782
509,Baudoin,Cockayne,bcockaynee4@weibo.com,Male,1640
510,Lynde,Shelbourne,lshelbournee5@census.gov,Female,1437
511,Kane,Moresby,kmoresbye6@clickbank.net,Male,5521
512,Agustin,Beades,abeadese7@guardian.co.uk,Male,4080
513,Silvanus,Chastelain,schastelaine8@mtv.com,Male,940
514,Nadean,Halksworth,nhalksworthe9@cmu.edu,Female,1409
515,Marsha,Lawtie,mlawtieea@reference.com,Female,2109
516,Wilburt,Cumesky,wcumeskyeb@nbcnews.com,Male,4634
517,Allina,Prandoni,aprandoniec@umn.edu,Female,2804
518,Trixie,Eagleton,teagletoned@youku.com,Female,7816
519,Arlan,Evason,aevasonee@bloglines.com,Male,4565
520,Hebert,Dinneges,hdinnegesef@yahoo.co.jp,Male,9696
521,Wakefield,Pilgrim,wpilgrimeg@phpbb.com,Male,2894
522,Basilio,Spiring,bspiringeh@about.com,Male,5228
523,Gregorio,Dwelley,gdwelleyei@businesswire.com,Male,8986
524,Toddie,Dimmer,tdimmerej@walmart.com,Male,4456
525,Blithe,Cristobal,bcristobalek@yellowbook.com,Female,5959
526,Hugues,Woodfine,hwoodfineel@upenn.edu,Male,2642
527,Perkin,Sambell,psambellem@jugem.jp,Male,7923
528,Van,Jacob,vjacoben@dot.gov,Male,6972
529,Daisie,Matzeitis,dmatzeitiseo@1688.com,Female,1367
530,Waldon,Dundendale,wdundendaleep@shop-pro.jp,Male,6967
531,Brena,Lasty,blastyeq@craigslist.org,Female,1559
532,Quentin,Eymor,qeymorer@theguardian.com,Male,9929
533,Ajay,Letessier,aletessieres@geocities.com,Female,6407
534,Clair,Del Dello,cdeldelloet@msn.com,Female,3863
535,Emalia,Scallon,escalloneu@nih.gov,Female,8196
536,Velvet,Hollingshead,vhollingsheadev@rediff.com,Female,7301
537,Hildagarde,Bruno,hbrunoew@myspace.com,Female,285
538,Lesley,Giacopetti,lgiacopettiex@ehow.com,Male,4880
539,Wallace,Jozwik,wjozwikey@newyorker.com,Male,162
540,Mead,Witcher,mwitcherez@photobucket.com,Female,6228
541,Charis,Etchingham,cetchinghamf0@sphinn.com,Female,3153
542,Isacco,Dalla,idallaf1@telegraph.co.uk,Male,1598
543,Neille,Beggi,nbeggif2@xing.com,Female,4430
544,Mohandas,Sharland,msharlandf3@blogger.com,Male,2957
545,Cosimo,Duffett,cduffettf4@themeforest.net,Male,4636
546,Sadye,Reder,srederf5@pinterest.com,Female,2833
547,Eada,Pattingson,epattingsonf6@va.gov,Female,7690
548,Zita,Agus,zagusf7@livejournal.com,Female,3226
549,Georgianne,De Gregoli,gdegregolif8@mac.com,Female,4229
550,Eyde,Ralls,erallsf9@ebay.com,Female,5687
551,Duffie,Brimman,dbrimmanfa@t.co,Male,6586
552,Rebekkah,Iskower,riskowerfb@sakura.ne.jp,Female,2470
553,Itch,Keetley,ikeetleyfc@biblegateway.com,Male,4885
554,Gill,Rubinov,grubinovfd@wufoo.com,Female,4762
555,Carmine,McCann,cmccannfe@hp.com,Male,9492
556,Gal,Cruttenden,gcruttendenff@eepurl.com,Male,7878
557,Hughie,Le Jean,hlejeanfg@mozilla.com,Male,1343
558,Aeriell,Seakin,aseakinfh@wikimedia.org,Female,2431
559,Tabb,Munton,tmuntonfi@t-online.de,Male,3491
560,Ky,Ribou,kriboufj@miibeian.gov.cn,Male,7887
561,Abbie,Farnham,afarnhamfk@globo.com,Male,2570
562,Benita,Coultar,bcoultarfl@reference.com,Female,2623
563,Adams,Abels,aabelsfm@xinhuanet.com,Male,9807
564,Yelena,Verick,yverickfn@buzzfeed.com,Female,5835
565,Gino,Kield,gkieldfo@marketwatch.com,Male,1367
566,Enrica,Lorey,eloreyfp@mtv.com,Female,8499
567,Verina,Kleiser,vkleiserfq@google.fr,Female,3004
568,Jannelle,Malthouse,jmalthousefr@si.edu,Female,5044
569,North,Nerney,nnerneyfs@acquirethisname.com,Male,9492
570,Orbadiah,Glasscock,oglasscockft@blogger.com,Male,7730
571,Janel,Gilhouley,jgilhouleyfu@shareasale.com,Female,1753
572,Ashbey,Lindeman,alindemanfv@phoca.cz,Male,588
573,Laney,Saw,lsawfw@instagram.com,Male,8667
574,Theresita,Chatband,tchatbandfx@mail.ru,Female,2588
575,Moyra,Lanbertoni,mlanbertonify@surveymonkey.com,Female,3955
576,Petronilla,Faithorn,pfaithornfz@cnbc.com,Female,9544
577,Les,Nunnerley,lnunnerleyg0@bbc.co.uk,Male,6394
578,Dinnie,McGillivray,dmcgillivrayg1@walmart.com,Female,8984
579,Reagen,Weatherburn,rweatherburng2@wikia.com,Male,3382
580,Bradly,Collie,bcollieg3@prnewswire.com,Male,6022
581,Goraud,Gozney,ggozneyg4@biglobe.ne.jp,Male,4811
582,Marianne,Roome,mroomeg5@chicagotribune.com,Female,8469
583,Danit,Byng,dbyngg6@a8.net,Female,8593
584,Tate,Whifen,twhifeng7@goo.ne.jp,Male,3442
585,Tremain,Trumble,ttrumbleg8@globo.com,Male,1665
586,Ilaire,Stoppe,istoppeg9@slashdot.org,Male,2383
587,Corabel,Feldbau,cfeldbauga@livejournal.com,Female,8155
588,Christina,Truder,ctrudergb@google.ru,Female,4755
589,Woodman,Ashbridge,washbridgegc@mtv.com,Male,6086
590,Berny,Castleman,bcastlemangd@vistaprint.com,Male,7855
591,Karla,Gavey,kgaveyge@blogtalkradio.com,Female,5627
592,Emmalynne,Goane,egoanegf@discovery.com,Female,2586
593,Thaddus,Hemerijk,themerijkgg@amazonaws.com,Male,9215
594,Val,Vanyarkin,vvanyarkingh@marketwatch.com,Female,6621
595,Brew,Heskins,bheskinsgi@biblegateway.com,Male,2539
596,Mendel,Martinat,mmartinatgj@google.com.hk,Male,4169
597,Maury,Digges,mdiggesgk@friendfeed.com,Male,3762
598,Anallise,Maasz,amaaszgl@e-recht24.de,Female,7396
599,Harwilll,Edelmann,hedelmanngm@a8.net,Male,6874
600,Jessie,Bridie,jbridiegn@oracle.com,Male,6283
601,Meagan,Hambrook,mhambrookgo@mysql.com,Female,9423
602,Eberhard,Maffeo,emaffeogp@economist.com,Male,7138
603,Corny,Kennady,ckennadygq@discovery.com,Female,1357
604,Fairlie,Naismith,fnaismithgr@bbc.co.uk,Male,9672
605,Gerardo,Fawlo,gfawlogs@indiegogo.com,Male,3831
606,Ambrosius,Ewbanke,aewbankegt@foxnews.com,Male,8402
607,Hulda,Kivlehan,hkivlehangu@ow.ly,Female,5277
608,Adolph,Gomes,agomesgv@feedburner.com,Male,4339
609,Amii,Blooman,abloomangw@nydailynews.com,Female,1803
610,Dre,Waldron,dwaldrongx@omniture.com,Female,516
611,Eduino,Reinisch,ereinischgy@usgs.gov,Male,8880
612,Arv,Berthod,aberthodgz@lycos.com,Male,5850
613,Alfonso,Wloch,awlochh0@nsw.gov.au,Male,9941
614,Vince,Risebarer,vrisebarerh1@chronoengine.com,Male,9256
615,Abbott,Danihelka,adanihelkah2@flickr.com,Male,5995
616,Krystle,Vanyarkin,kvanyarkinh3@example.com,Female,3143
617,Drud,Rapp,drapph4@cbslocal.com,Male,5728
618,Rora,Presser,rpresserh5@mapquest.com,Female,7156
619,Jimmy,Arminger,jarmingerh6@mtv.com,Male,1404
620,Gloriana,Blees,gbleesh7@harvard.edu,Female,5693
621,Colan,Gasson,cgassonh8@sitemeter.com,Male,2758
622,Inesita,Tipping,itippingh9@sciencedirect.com,Female,8665
623,Fabien,Birrel,fbirrelha@ning.com,Male,5759
624,Grenville,Daybell,gdaybellhb@fema.gov,Male,4860
625,Rorke,Lamprecht,rlamprechthc@linkedin.com,Male,7668
626,Broderic,Lippini,blippinihd@epa.gov,Male,6346
627,Maressa,Kubek,mkubekhe@fc2.com,Female,5458
628,Ches,Szymanowicz,cszymanowiczhf@4shared.com,Male,1398
629,Cortie,Cummins,ccumminshg@amazon.de,Male,4778
630,Lucas,Orrin,lorrinhh@europa.eu,Male,7542
631,Moll,Debell,mdebellhi@msn.com,Female,3645
632,Evelin,Mordon,emordonhj@globo.com,Male,2376
633,Kerby,Gosnold,kgosnoldhk@over-blog.com,Male,9702
634,Shana,Blamphin,sblamphinhl@nih.gov,Female,8154
635,Blanca,Verdy,bverdyhm@gnu.org,Female,9731
636,Marnie,MacMeeking,mmacmeekinghn@mail.ru,Female,1203
637,Jamal,Summerrell,jsummerrellho@nydailynews.com,Male,9632
638,Adan,Vasilov,avasilovhp@wordpress.com,Female,3042
639,Damita,Hugill,dhugillhq@prlog.org,Female,4896
640,Nial,McFeat,nmcfeathr@drupal.org,Male,3130
641,Felice,Tremollet,ftremolleths@howstuffworks.com,Male,7727
642,Isidro,Parkeson,iparkesonht@virginia.edu,Male,5926
643,Bertrand,Realff,brealffhu@people.com.cn,Male,189
644,Vicki,Norres,vnorreshv@mashable.com,Female,6756
645,Thane,Warnes,twarneshw@furl.net,Male,5535
646,Caroline,Shanks,cshankshx@networkadvertising.org,Female,1122
647,Welbie,Keeler,wkeelerhy@state.gov,Male,4237
648,Riannon,Comer,rcomerhz@issuu.com,Female,9105
649,Kaja,Kenlin,kkenlini0@nbcnews.com,Female,9675
650,Deni,Popplewell,dpopplewelli1@etsy.com,Female,8375
651,Roosevelt,Southern,rsoutherni2@feedburner.com,Male,3669
652,Christabella,Seedhouse,cseedhousei3@newsvine.com,Female,4118
653,Britney,Hinstock,bhinstocki4@lycos.com,Female,3933
654,Andra,Pasquale,apasqualei5@hibu.com,Female,6701
655,Mahalia,Mulqueeny,mmulqueenyi6@infoseek.co.jp,Female,6120
656,Mayor,Kyte,mkytei7@deviantart.com,Male,3924
657,Arly,Struttman,astruttmani8@opensource.org,Female,7237
658,Zarla,Birkett,zbirketti9@infoseek.co.jp,Female,7276
659,Mignon,Lumsden,mlumsdenia@businessinsider.com,Female,4731
660,Niki,Culpen,nculpenib@sohu.com,Female,140
661,Burton,Grishmanov,bgrishmanovic@newsvine.com,Male,7181
662,Natasha,Goult,ngoultid@unicef.org,Female,128
663,Cobb,Hammerman,chammermanie@unc.edu,Male,6511
664,Boris,Rex,brexif@umich.edu,Male,2933
665,Cloris,Gronou,cgronouig@blogspot.com,Female,936
666,Denver,Inglesfield,dinglesfieldih@csmonitor.com,Male,2802
667,Roi,Sowden,rsowdenii@feedburner.com,Male,6279
668,Esme,McNuff,emcnuffij@pbs.org,Female,9336
669,Jeanna,Sherreard,jsherreardik@taobao.com,Female,1178
670,Florinda,Hanbridge,fhanbridgeil@oracle.com,Female,4618
671,Mitch,Bartosik,mbartosikim@uol.com.br,Male,9725
672,Marina,Everix,meverixin@ebay.com,Female,7738
673,Lester,Jery,ljeryio@ameblo.jp,Male,7055
674,Fletcher,Scargle,fscargleip@yale.edu,Male,5266
675,Mauricio,Knightley,mknightleyiq@foxnews.com,Male,1098
676,Godfry,Clousley,gclousleyir@latimes.com,Male,998
677,Judd,Connick,jconnickis@wunderground.com,Male,4405
678,Evered,Lancley,elancleyit@t.co,Male,8581
679,Lena,Siemons,lsiemonsiu@alibaba.com,Female,8481
680,Celestyna,Donoher,cdonoheriv@edublogs.org,Female,9145
681,Jarrid,Jindracek,jjindracekiw@cbsnews.com,Male,8263
682,Lilas,Lindenbaum,llindenbaumix@nih.gov,Female,8863
683,Adriaens,Peppin,apeppiniy@icio.us,Female,5618
684,Arvin,Helks,ahelksiz@ebay.co.uk,Male,1283
685,Domingo,MacGillespie,dmacgillespiej0@weebly.com,Male,2307
686,Keven,Sieghart,ksieghartj1@cyberchimps.com,Male,8962
687,Robbin,Sutch,rsutchj2@apache.org,Female,3648
688,Rickie,Wallworth,rwallworthj3@spotify.com,Male,6840
689,Bone,Weall,bweallj4@virginia.edu,Male,1976
690,Alethea,Denniss,adennissj5@reuters.com,Female,3395
691,Orly,Jenne,ojennej6@samsung.com,Female,4476
692,Gabbie,Curran,gcurranj7@harvard.edu,Male,8815
693,Olag,Sidwick,osidwickj8@nbcnews.com,Male,4765
694,Bibby,McGauhy,bmcgauhyj9@youtube.com,Female,2291
695,Mehetabel,MacTerrelly,mmacterrellyja@cmu.edu,Female,2661
696,Jesus,Briamo,jbriamojb@jiathis.com,Male,4271
697,Davina,Bunkle,dbunklejc@ca.gov,Female,230
698,Kendrick,Ellins,kellinsjd@ocn.ne.jp,Male,7489
699,Collin,Rhead,crheadje@hibu.com,Male,1011
700,Gerrie,Satterlee,gsatterleejf@last.fm,Female,8549
701,Stephannie,Garfath,sgarfathjg@java.com,Female,5362
702,Zoe,Pochin,zpochinjh@nifty.com,Female,3376
703,Sharity,Hovenden,shovendenji@lycos.com,Female,8701
704,Estele,Weeds,eweedsjj@cdc.gov,Female,2962
705,Phillipp,Scotts,pscottsjk@g.co,Male,7297
706,Marti,Vegas,mvegasjl@forbes.com,Female,2538
707,Marcelo,Jansie,mjansiejm@taobao.com,Male,5656
708,Rozamond,Esch,reschjn@lycos.com,Female,1684
709,Maitilde,Gresley,mgresleyjo@cnn.com,Female,7742
710,Maddalena,Manston,mmanstonjp@tumblr.com,Female,1006
711,Teddy,Manby,tmanbyjq@hubpages.com,Male,6232
712,Steffi,Steely,ssteelyjr@nyu.edu,Female,4868
713,Kendra,Tattersfield,ktattersfieldjs@yandex.ru,Female,6405
714,Lezlie,Tellett,ltellettjt@whitehouse.gov,Female,4896
715,Howard,Mereweather,hmereweatherju@w3.org,Male,9948
716,Vanny,Backshall,vbackshalljv@seesaa.net,Female,9999
717,Tera,Cosbey,tcosbeyjw@i2i.jp,Female,3583
718,Matty,Overil,moveriljx@marriott.com,Female,4028
719,Lowe,Checketts,lcheckettsjy@rambler.ru,Male,6539
720,Darwin,Berge,dbergejz@guardian.co.uk,Male,1671
721,Sibby,Battershall,sbattershallk0@sfgate.com,Female,502
722,Margo,Gaudin,mgaudink1@artisteer.com,Female,1363
723,Tatum,Blundon,tblundonk2@so-net.ne.jp,Female,2465
724,Zollie,Rhydderch,zrhydderchk3@psu.edu,Male,5113
725,Bartholomew,Gauden,bgaudenk4@businessweek.com,Male,7879
726,Hershel,Gronous,hgronousk5@chron.com,Male,509
727,Vanya,Goldhawk,vgoldhawkk6@dagondesign.com,Male,1164
728,Ethel,Romera,eromerak7@wordpress.com,Female,2382
729,Briny,Figge,bfiggek8@storify.com,Female,880
730,Paulette,Camus,pcamusk9@sohu.com,Female,9712
731,Kin,Joplin,kjoplinka@google.de,Male,240
732,Micaela,Credland,mcredlandkb@a8.net,Female,8770
733,Franciskus,O'Doireidh,fodoireidhkc@baidu.com,Male,3421
734,Mario,Heeney,mheeneykd@istockphoto.com,Male,1139
735,Kennie,Celli,kcellike@wikimedia.org,Male,7070
736,Christie,Drust,cdrustkf@reference.com,Female,4419
737,Earle,Mitchelhill,emitchelhillkg@businesswire.com,Male,8550
738,Luigi,Anelay,lanelaykh@icio.us,Male,9238
739,Rosabel,Sobey,rsobeyki@tinyurl.com,Female,9626
740,Charmine,Rangeley,crangeleykj@lycos.com,Female,6135
741,Jonell,Arents,jarentskk@unblog.fr,Female,954
742,Alfy,Younie,ayouniekl@flickr.com,Male,7778
743,Sheela,Rooksby,srooksbykm@clickbank.net,Female,8657
744,Hildagard,Boswood,hboswoodkn@slideshare.net,Female,2131
745,Gilli,Hartfield,ghartfieldko@ebay.co.uk,Female,1774
746,Berrie,Swanson,bswansonkp@bloomberg.com,Female,1077
747,Vassili,Ribbon,vribbonkq@hibu.com,Male,8225
748,Suki,Clayworth,sclayworthkr@netlog.com,Female,4899
749,Belita,Scritch,bscritchks@sphinn.com,Female,8498
750,Lia,Surcombe,lsurcombekt@rediff.com,Female,501
751,Danna,Bettridge,dbettridgeku@squarespace.com,Female,2474
752,Kerry,Reary,krearykv@harvard.edu,Female,5555
753,Taite,Abys,tabyskw@wikia.com,Male,676
754,Rivy,Coleshill,rcoleshillkx@scientificamerican.com,Female,3988
755,Nanci,Ehlerding,nehlerdingky@yale.edu,Female,9187
756,Grayce,Neilson,gneilsonkz@washington.edu,Female,8876
757,Renee,Pudden,rpuddenl0@wikimedia.org,Female,5532
758,Guglielma,Fipp,gfippl1@nps.gov,Female,6296
759,Alvis,Linford,alinfordl2@creativecommons.org,Male,7378
760,Annecorinne,Gumbley,agumbleyl3@joomla.org,Female,7420
761,Brady,Wissby,bwissbyl4@hao123.com,Male,1982
762,Raimondo,Follen,rfollenl5@flavors.me,Male,3856
763,Dario,Forge,dforgel6@ucoz.com,Male,6514
764,Zed,Teeney,zteeneyl7@reverbnation.com,Male,8936
765,Patrizius,Klaaassen,pklaaassenl8@tmall.com,Male,9638
766,Rube,Marryatt,rmarryattl9@wp.com,Male,6433
767,Donn,Crittal,dcrittalla@google.fr,Male,1308
768,Jedd,Dufoure,jdufourelb@wp.com,Male,2652
769,Dorolisa,Queenborough,dqueenboroughlc@posterous.com,Female,5370
770,Kasey,Cadwell,kcadwellld@rediff.com,Female,559
771,Dorian,Bernardon,dbernardonle@boston.com,Female,1238
772,Siegfried,Lesley,slesleylf@etsy.com,Male,9001
773,Amos,Baumadier,abaumadierlg@cnbc.com,Male,3779
774,Jasun,Sampson,jsampsonlh@lulu.com,Male,6917
775,Bordy,Blaber,bblaberli@domainmarket.com,Male,2611
776,Emmey,Laurenty,elaurentylj@google.com.au,Female,7774
777,Leif,Blundel,lblundellk@va.gov,Male,7346
778,Judah,Tordiffe,jtordiffell@microsoft.com,Male,1117
779,Niels,Grahame,ngrahamelm@cnbc.com,Male,9025
780,Thatcher,Gothard,tgothardln@ycombinator.com,Male,2954
781,Spike,Bartalot,sbartalotlo@google.com.hk,Male,1864
782,Wood,Melior,wmeliorlp@cnbc.com,Male,8186
783,Roda,Duny,rdunylq@t-online.de,Female,7013
784,Andriana,Samudio,asamudiolr@google.nl,Female,4532
785,Chrisy,Sisnett,csisnettls@skyrock.com,Male,7700
786,Odelle,Medendorp,omedendorplt@quantcast.com,Female,5452
787,Kelbee,Rogez,krogezlu@thetimes.co.uk,Male,8583
788,Dara,Facey,dfaceylv@unesco.org,Female,9225
789,Chloe,Cecil,ccecillw@mozilla.org,Female,5831
790,Aurthur,Lutsch,alutschlx@cbsnews.com,Male,4446
791,Meyer,McVity,mmcvityly@ifeng.com,Male,8185
792,Anna-maria,Stripling,astriplinglz@ebay.co.uk,Female,4946
793,Forrester,Rake,frakem0@indiegogo.com,Male,130
794,Wildon,Pulman,wpulmanm1@hubpages.com,Male,4081
795,Lorianne,Houldey,lhouldeym2@ucoz.ru,Female,2314
796,Georgia,Tollady,gtolladym3@ihg.com,Female,1412
797,Whitney,Woolsey,wwoolseym4@seesaa.net,Male,8524
798,Maurita,Florez,mflorezm5@wikispaces.com,Female,4088
799,Perren,Carrol,pcarrolm6@jigsy.com,Male,4615
800,Bill,Pablos,bpablosm7@ft.com,Male,3239
801,Sula,Pottie,spottiem8@microsoft.com,Female,315
802,Norry,Morstatt,nmorstattm9@opensource.org,Male,3051
803,Edee,Maciaszek,emaciaszekma@scribd.com,Female,4537
804,Aube,Hogben,ahogbenmb@skype.com,Male,4586
805,Arnuad,Fairfoull,afairfoullmc@apple.com,Male,3954
806,Jaimie,Ashburne,jashburnemd@about.me,Female,8635
807,Yetta,Trinke,ytrinkeme@amazon.com,Female,9619
808,Giacopo,Brokenshaw,gbrokenshawmf@geocities.com,Male,7504
809,Cordie,MacKellar,cmackellarmg@cyberchimps.com,Female,6268
810,Toiboid,Minthorpe,tminthorpemh@acquirethisname.com,Male,995
811,Edd,Cotta,ecottami@google.co.jp,Male,1404
812,Kizzie,Melody,kmelodymj@wordpress.com,Female,7084
813,Kin,Bachs,kbachsmk@macromedia.com,Male,5080
814,Mayor,Radbond,mradbondml@ovh.net,Male,4837
815,Stephen,Davern,sdavernmm@nbcnews.com,Male,5113
816,Antony,Blakeborough,ablakeboroughmn@salon.com,Male,134
817,Chaunce,Di Ruggero,cdiruggeromo@bloglines.com,Male,4133
818,Kira,Hinze,khinzemp@harvard.edu,Female,3951
819,Leoline,Presdie,lpresdiemq@jimdo.com,Female,5889
820,Eugen,Hemphall,ehemphallmr@independent.co.uk,Male,4237
821,Ronald,Drioli,rdriolims@telegraph.co.uk,Male,1073
822,Keeley,Hebblethwaite,khebblethwaitemt@census.gov,Female,9546
823,Justinian,Gatman,jgatmanmu@addtoany.com,Male,1627
824,Christy,Pohls,cpohlsmv@thetimes.co.uk,Male,9713
825,Bud,Garvin,bgarvinmw@usgs.gov,Male,3093
826,Erich,Depper,edeppermx@uol.com.br,Male,1954
827,Cordey,O'Crigan,cocriganmy@ucoz.ru,Female,4486
828,Gilberte,Musico,gmusicomz@redcross.org,Female,8093
829,Sophey,Tulley,stulleyn0@blog.com,Female,7366
830,Corby,Hollyer,chollyern1@shutterfly.com,Male,106
831,Guillemette,Garey,ggareyn2@sphinn.com,Female,8475
832,Aarika,Levy,alevyn3@miibeian.gov.cn,Female,662
833,Sergio,Naish,snaishn4@soup.io,Male,615
834,Armand,Ditchburn,aditchburnn5@mit.edu,Male,5009
835,Peria,Burds,pburdsn6@tripadvisor.com,Female,4147
836,Lelah,Jackling,ljacklingn7@jugem.jp,Female,7724
837,Jarret,Cabane,jcabanen8@meetup.com,Male,8340
838,Constantia,Panter,cpantern9@parallels.com,Female,962
839,Lynnette,Toopin,ltoopinna@people.com.cn,Female,654
840,Gipsy,Dusting,gdustingnb@bigcartel.com,Female,1207
841,Rufe,Satchel,rsatchelnc@opera.com,Male,8087
842,Nilson,Carwithan,ncarwithannd@usa.gov,Male,4268
843,Grace,Tapp,gtappne@theguardian.com,Male,4373
844,Lelah,McCaffery,lmccafferynf@nyu.edu,Female,252
845,Silvie,Stodit,sstoditng@tamu.edu,Female,6715
846,Conrad,Walasik,cwalasiknh@fema.gov,Male,5613
847,Pace,Brise,pbriseni@storify.com,Male,9197
848,Tessa,Hutchings,thutchingsnj@cbc.ca,Female,1845
849,Allyn,Lattey,alatteynk@dropbox.com,Male,8650
850,Blakeley,Athow,bathownl@utexas.edu,Female,229
851,Jobie,Blanking,jblankingnm@yahoo.co.jp,Female,2223
852,Saundra,Willowby,swillowbynn@cargocollective.com,Male,8771
853,Clary,Bottle,cbottleno@linkedin.com,Female,2048
854,Devy,Sellor,dsellornp@soundcloud.com,Male,3847
855,Kevon,Stiven,kstivennq@psu.edu,Male,2480
856,Myrta,Lenthall,mlenthallnr@drupal.org,Female,2572
857,Nicolette,Lennarde,nlennardens@wikispaces.com,Female,5064
858,Robyn,Stogill,rstogillnt@opera.com,Female,5639
859,Sioux,Hazel,shazelnu@gizmodo.com,Female,5148
860,Petr,Goneau,pgoneaunv@psu.edu,Male,1012
861,Lazare,Morris,lmorrisnw@bloglovin.com,Male,553
862,Austen,Flaonier,aflaoniernx@acquirethisname.com,Male,6618
863,Svend,Baldin,sbaldinny@businessweek.com,Male,5072
864,Spike,Fullick,sfullicknz@tmall.com,Male,8514
865,Brantley,Tombleson,btomblesono0@blogger.com,Male,3627
866,Nonnah,Lindborg,nlindborgo1@gov.uk,Female,7829
867,Amaleta,McGeechan,amcgeechano2@senate.gov,Female,3676
868,Scott,Habble,shabbleo3@istockphoto.com,Male,7309
869,Andrus,Scholling,aschollingo4@apple.com,Male,9866
870,Angelo,Mc Ilory,amciloryo5@dailymail.co.uk,Male,6556
871,Marcellina,Kieran,mkierano6@pen.io,Female,3988
872,Idaline,Brayfield,ibrayfieldo7@alibaba.com,Female,1415
873,Lynsey,Mathissen,lmathisseno8@addtoany.com,Female,5366
874,Grange,Chudleigh,gchudleigho9@google.ca,Male,8526
875,Eleanore,Darton,edartonoa@mail.ru,Female,6029
876,Tyne,McElvogue,tmcelvogueob@bigcartel.com,Female,884
877,Fredek,Christon,fchristonoc@ameblo.jp,Male,4876
878,Nicolis,Radbond,nradbondod@goo.ne.jp,Male,8617
879,Erich,Mowsdale,emowsdaleoe@fc2.com,Male,4696
880,Roselle,MacCafferty,rmaccaffertyof@miitbeian.gov.cn,Female,5589
881,Wally,Fanti,wfantiog@jalbum.net,Female,6659
882,Mae,Lenihan,mlenihanoh@cam.ac.uk,Female,3496
883,Francklin,Airton,fairtonoi@loc.gov,Male,9951
884,Desirae,Woehler,dwoehleroj@hatena.ne.jp,Female,9150
885,Jania,Ramsbotham,jramsbothamok@samsung.com,Female,8098
886,Willyt,Benes,wbenesol@aboutads.info,Female,613
887,Lamont,Mallalieu,lmallalieuom@bing.com,Male,9173
888,Ardys,Standbridge,astandbridgeon@virginia.edu,Female,6352
889,Donny,Phelipeau,dphelipeauoo@soup.io,Male,1819
890,Catarina,Mannin,cmanninop@pcworld.com,Female,6226
891,Mar,Cain,mcainoq@php.net,Male,8270
892,Giffie,Gilmour,ggilmouror@geocities.com,Male,2011
893,Heywood,Jansen,hjansenos@businesswire.com,Male,7961
894,Quentin,Oxenden,qoxendenot@nih.gov,Male,9537
895,Sanderson,Mussalli,smussalliou@pinterest.com,Male,5379
896,Louella,Clowser,lclowserov@furl.net,Female,7059
897,Matt,Ferrers,mferrersow@php.net,Male,1433
898,Lyn,Pettigree,lpettigreeox@nih.gov,Female,9479
899,Baudoin,Lund,blundoy@godaddy.com,Male,2494
900,Marijo,Affuso,maffusooz@mozilla.com,Female,5410
901,Paulie,Hast,phastp0@hexun.com,Male,3957
902,Ettie,Skilbeck,eskilbeckp1@state.gov,Female,7338
903,Lion,Andrus,landrusp2@dagondesign.com,Male,1379
904,Katey,Werrilow,kwerrilowp3@hc360.com,Female,1494
905,Talya,Steabler,tsteablerp4@dot.gov,Female,2341
906,Marley,Forte,mfortep5@webs.com,Female,9784
907,Laurence,De Moreno,ldemorenop6@biglobe.ne.jp,Male,2804
908,Iona,Lodeke,ilodekep7@lycos.com,Female,1010
909,Freda,Olcot,folcotp8@marriott.com,Female,1284
910,Bradford,Aldgate,baldgatep9@paypal.com,Male,8105
911,Theo,Rock,trockpa@merriam-webster.com,Female,5733
912,Charley,Richly,crichlypb@opensource.org,Male,9548
913,Cristal,Lamkin,clamkinpc@photobucket.com,Female,7719
914,Westbrooke,Hefferon,whefferonpd@marketwatch.com,Male,8102
915,Jessalin,Quenby,jquenbype@geocities.com,Female,4928
916,Audrie,Rout,aroutpf@slate.com,Female,7031
917,Karney,Bachelor,kbachelorpg@mapy.cz,Male,9202
918,Bard,Otson,botsonph@netscape.com,Male,7578
919,Josie,Winram,jwinrampi@eventbrite.com,Female,7658
920,Janey,MacDunlevy,jmacdunlevypj@stanford.edu,Female,2405
921,Kristina,Mallock,kmallockpk@boston.com,Female,149
922,Malorie,Venditto,mvendittopl@mapy.cz,Female,405
923,Bennett,Huck,bhuckpm@de.vu,Male,6914
924,Margi,Idenden,midendenpn@java.com,Female,7606
925,Cozmo,Bonner,cbonnerpo@netvibes.com,Male,3436
926,Pierre,Huckerbe,phuckerbepp@cbc.ca,Male,1910
927,Ahmed,Chubb,achubbpq@independent.co.uk,Male,8552
928,Kanya,Nawton,knawtonpr@symantec.com,Female,7463
929,Doria,Harlick,dharlickps@cafepress.com,Female,3766
930,Bailie,Lakes,blakespt@umich.edu,Male,3241
931,Kathryn,Splevings,ksplevingspu@myspace.com,Female,8752
932,Lyndsey,Duffil,lduffilpv@blogtalkradio.com,Female,9467
933,Emmit,Coetzee,ecoetzeepw@earthlink.net,Male,7029
934,Charisse,Mixon,cmixonpx@omniture.com,Female,7653
935,Lynelle,Call,lcallpy@cisco.com,Female,3202
936,Norry,Cordel,ncordelpz@hugedomains.com,Female,2885
937,Kile,Schrinel,kschrinelq0@imgur.com,Male,6597
938,Burtie,Josifovic,bjosifovicq1@ted.com,Male,6280
939,Dacia,Danbi,ddanbiq2@com.com,Female,7836
940,Avie,Greenalf,agreenalfq3@macromedia.com,Female,5343
941,Walker,Cammock,wcammockq4@facebook.com,Male,6032
942,Thacher,Dugall,tdugallq5@eepurl.com,Male,9921
943,Eldredge,Keig,ekeigq6@microsoft.com,Male,9140
944,Ahmed,McKimm,amckimmq7@ftc.gov,Male,1931
945,Gaby,Thebe,gthebeq8@freewebs.com,Male,8847
946,Denny,Marginson,dmarginsonq9@latimes.com,Male,3843
947,Konrad,Burchell,kburchellqa@blogtalkradio.com,Male,5961
948,Bartolomeo,Lambourne,blambourneqb@smugmug.com,Male,137
949,Alison,Wakeley,awakeleyqc@twitter.com,Female,4315
950,Erv,Karby,ekarbyqd@edublogs.org,Male,5410
951,Maury,Lorne,mlorneqe@japanpost.jp,Male,2062
952,Dawna,Heers,dheersqf@macromedia.com,Female,8430
953,Rhianna,Trahar,rtraharqg@independent.co.uk,Female,2935
954,Augustus,Haggish,ahaggishqh@un.org,Male,6158
955,Bobbee,Fearby,bfearbyqi@cnet.com,Female,266
956,Elmira,Girhard,egirhardqj@cocolog-nifty.com,Female,3266
957,Jules,Fossett,jfossettqk@wikia.com,Male,899
958,Sharline,Kelberman,skelbermanql@yellowbook.com,Female,7789
959,Cynde,Hechlin,chechlinqm@apache.org,Female,4256
960,Sarge,Whittock,swhittockqn@com.com,Male,8557
961,Vere,Cluley,vcluleyqo@surveymonkey.com,Female,6954
962,Baxie,Lghan,blghanqp@patch.com,Male,5368
963,Faunie,Pudan,fpudanqq@cyberchimps.com,Female,186
964,Carmine,Phinnessy,cphinnessyqr@desdev.cn,Female,4152
965,Leupold,Veltman,lveltmanqs@state.gov,Male,2164
966,Cristy,Merrisson,cmerrissonqt@hao123.com,Female,3378
967,Vanny,Wogan,vwoganqu@dailymotion.com,Female,9691
968,Reba,Gibard,rgibardqv@a8.net,Female,7782
969,Meir,Aizkovitch,maizkovitchqw@furl.net,Male,5293
970,Justine,Cuddon,jcuddonqx@phpbb.com,Female,3971
971,Chere,Heaney,cheaneyqy@zimbio.com,Female,3771
972,Lorraine,Crosham,lcroshamqz@gov.uk,Female,1576
973,Kilian,Lupson,klupsonr0@behance.net,Male,6853
974,Cosimo,Glasson,cglassonr1@cocolog-nifty.com,Male,2622
975,Andriana,Assiter,aassiterr2@bravesites.com,Female,4310
976,Keeley,Norcock,knorcockr3@zimbio.com,Female,4372
977,Rutledge,Mayes,rmayesr4@scientificamerican.com,Male,552
978,Elianore,Brockton,ebrocktonr5@topsy.com,Female,2765
979,Johannah,Huglin,jhuglinr6@google.it,Female,7130
980,Ludvig,Babcock,lbabcockr7@slideshare.net,Male,2430
981,Melamie,Ciccetti,mciccettir8@amazon.co.uk,Female,1065
982,Rolando,Follis,rfollisr9@imageshack.us,Male,5640
983,Cash,Weatherell,cweatherellra@ox.ac.uk,Male,6731
984,Miguela,Garbutt,mgarbuttrb@simplemachines.org,Female,4780
985,Anstice,Jindacek,ajindacekrc@ucoz.ru,Female,5136
986,Alanah,Haywood,ahaywoodrd@addtoany.com,Female,5742
987,Lenard,Eccleshare,lecclesharere@auda.org.au,Male,1162
988,Dahlia,Churchouse,dchurchouserf@irs.gov,Female,5066
989,Ralph,Retchless,rretchlessrg@ucla.edu,Male,4581
990,Kurt,Hoyer,khoyerrh@japanpost.jp,Male,7816
991,Isidro,Le Claire,ileclaireri@google.com,Male,2688
992,Romonda,Witton,rwittonrj@samsung.com,Female,4407
993,Rudiger,O'Crigan,rocriganrk@list-manage.com,Male,6369
994,Morty,Werrit,mwerritrl@xinhuanet.com,Male,821
995,Gino,Antognozzii,gantognozziirm@mozilla.org,Male,5202
996,Colin,Brunton,cbruntonrn@sohu.com,Male,8419
997,Ayn,Brawley,abrawleyro@newyorker.com,Female,5277
998,Goddart,Kitman,gkitmanrp@e-recht24.de,Male,1257
999,Othella,Taill,otaillrq@scientificamerican.com,Female,5347
1000,Orion,Danbye,odanbyerr@blog.com,Male,2924
